Datetime,Water Level (m)
2025-12-30 18:00:00,0.26257104
2025-12-30 19:00:00,0.14433861
2025-12-30 20:00:00,-0.008217215
2025-12-30 21:00:00,-0.12891449
2025-12-30 22:00:00,-0.22494653
2025-12-30 23:00:00,-0.31131458
2025-12-31 00:00:00,-0.3889904
2025-12-31 01:00:00,-0.44527984
2025-12-31 02:00:00,-0.38842067
2025-12-31 03:00:00,-0.18156573
2025-12-31 04:00:00,-0.009843085
2025-12-31 05:00:00,0.104713954
2025-12-31 06:00:00,0.12138153
2025-12-31 07:00:00,0.011690515
2025-12-31 08:00:00,-0.13528693
2025-12-31 09:00:00,-0.25641423
2025-12-31 10:00:00,-0.36217868
2025-12-31 11:00:00,-0.4544637
2025-12-31 12:00:00,-0.53762627
2025-12-31 13:00:00,-0.604805
2025-12-31 14:00:00,-0.5585278
2025-12-31 15:00:00,-0.31690288
2025-12-31 16:00:00,-0.083443545
2025-12-31 17:00:00,0.12497616
2025-12-31 18:00:00,0.2629696
2025-12-31 19:00:00,0.30167216
2025-12-31 20:00:00,0.19905423
2025-12-31 21:00:00,0.030270306
2025-12-31 22:00:00,-0.10687153
2025-12-31 23:00:00,-0.2130135
2026-01-01 00:00:00,-0.306381
2026-01-01 01:00:00,-0.39174014
2026-01-01 02:00:00,-0.46143574
2026-01-01 03:00:00,-0.44451025
2026-01-01 04:00:00,-0.2151192
2026-01-01 05:00:00,-0.022644494
2026-01-01 06:00:00,0.10936397
2026-01-01 07:00:00,0.14495736
2026-01-01 08:00:00,0.050232433
2026-01-01 09:00:00,-0.105158836
2026-01-01 10:00:00,-0.23331931
2026-01-01 11:00:00,-0.34285045
2026-01-01 12:00:00,-0.43713334
2026-01-01 13:00:00,-0.52291054
2026-01-01 14:00:00,-0.5960574
2026-01-01 15:00:00,-0.5704248
2026-01-01 16:00:00,-0.30911577
2026-01-01 17:00:00,-0.05317889
2026-01-01 18:00:00,0.17589897
2026-01-01 19:00:00,0.33351123
2026-01-01 20:00:00,0.37995055
2026-01-01 21:00:00,0.26662105
2026-01-01 22:00:00,0.080686904
2026-01-01 23:00:00,-0.06587397
2026-01-02 00:00:00,-0.17873915
2026-01-02 01:00:00,-0.2769765
2026-01-02 02:00:00,-0.36952516
2026-01-02 03:00:00,-0.44974306
2026-01-02 04:00:00,-0.45383954
2026-01-02 05:00:00,-0.20389636
2026-01-02 06:00:00,0.0104792295
2026-01-02 07:00:00,0.15796182
2026-01-02 08:00:00,0.1978578
2026-01-02 09:00:00,0.087569095
2026-01-02 10:00:00,-0.07792154
2026-01-02 11:00:00,-0.2093886
2026-01-02 12:00:00,-0.31997386
2026-01-02 13:00:00,-0.41500854
2026-01-02 14:00:00,-0.50208557
2026-01-02 15:00:00,-0.5771712
2026-01-02 16:00:00,-0.54663694
2026-01-02 17:00:00,-0.2642761
2026-01-02 18:00:00,0.008587682
2026-01-02 19:00:00,0.25034574
2026-01-02 20:00:00,0.41316098
2026-01-02 21:00:00,0.44214362
2026-01-02 22:00:00,0.29076
2026-01-02 23:00:00,0.09593453
2026-01-03 00:00:00,-0.050038524
2026-01-03 01:00:00,-0.1632178
2026-01-03 02:00:00,-0.26229942
2026-01-03 03:00:00,-0.35792667
2026-01-03 04:00:00,-0.442272
2026-01-03 05:00:00,-0.4426487
2026-01-03 06:00:00,-0.17356245
2026-01-03 07:00:00,0.052869946
2026-01-03 08:00:00,0.20778735
2026-01-03 09:00:00,0.24315576
2026-01-03 10:00:00,0.11588897
2026-01-03 11:00:00,-0.05568947
2026-01-03 12:00:00,-0.18793459
2026-01-03 13:00:00,-0.29919606
2026-01-03 14:00:00,-0.39612123
2026-01-03 15:00:00,-0.48544776
2026-01-03 16:00:00,-0.56017405
2026-01-03 17:00:00,-0.49270147
2026-01-03 18:00:00,-0.19375406
2026-01-03 19:00:00,0.0885456
2026-01-03 20:00:00,0.32911932
2026-01-03 21:00:00,0.47734424
2026-01-03 22:00:00,0.4589135
2026-01-03 23:00:00,0.26717424
2026-01-04 00:00:00,0.08114111
2026-01-04 01:00:00,-0.0592606
2026-01-04 02:00:00,-0.16562061
2026-01-04 03:00:00,-0.26641366
2026-01-04 04:00:00,-0.36337742
2026-01-04 05:00:00,-0.44666514
2026-01-04 06:00:00,-0.40190777
2026-01-04 07:00:00,-0.10903201
2026-01-04 08:00:00,0.12026924
2026-01-04 09:00:00,0.26256138
2026-01-04 10:00:00,0.26269874
2026-01-04 11:00:00,0.10007227
2026-01-04 12:00:00,-0.065502524
2026-01-04 13:00:00,-0.19305697
2026-01-04 14:00:00,-0.29930735
2026-01-04 15:00:00,-0.39574376
2026-01-04 16:00:00,-0.4853033
2026-01-04 17:00:00,-0.554918
2026-01-04 18:00:00,-0.442722
2026-01-04 19:00:00,-0.13707726
2026-01-04 20:00:00,0.1495191
2026-01-04 21:00:00,0.37961978
2026-01-04 22:00:00,0.4915556
2026-01-04 23:00:00,0.40764046
2026-01-05 00:00:00,0.19623195
2026-01-05 01:00:00,0.024672976
2026-01-05 02:00:00,-0.10081244
2026-01-05 03:00:00,-0.20392098
2026-01-05 04:00:00,-0.30414134
2026-01-05 05:00:00,-0.39791864
2026-01-05 06:00:00,-0.4706715
2026-01-05 07:00:00,-0.34303358
2026-01-05 08:00:00,-0.06029197
2026-01-05 09:00:00,0.14986539
2026-01-05 10:00:00,0.26496223
2026-01-05 11:00:00,0.22752963
2026-01-05 12:00:00,0.05477816
2026-01-05 13:00:00,-0.09914782
2026-01-05 14:00:00,-0.22003813
2026-01-05 15:00:00,-0.3228815
2026-01-05 16:00:00,-0.41763908
2026-01-05 17:00:00,-0.5041839
2026-01-05 18:00:00,-0.55834806
